Entity,Code,Year,Average retirement age
Australia,AUS,1990,61.45
Australia,AUS,1991,61.15
Australia,AUS,1992,61.25
Australia,AUS,1993,61.65
Australia,AUS,1994,60.9
Australia,AUS,1995,60.85
Australia,AUS,1996,60.55
Australia,AUS,1997,60.45
Australia,AUS,1998,60.25
Australia,AUS,1999,60.85
Australia,AUS,2000,60.8
Australia,AUS,2001,61.1
Australia,AUS,2002,61.75
Australia,AUS,2003,62.05
Australia,AUS,2004,61.7
Australia,AUS,2005,62.5
Australia,AUS,2006,63.0
Australia,AUS,2007,62.9
Australia,AUS,2008,62.55
Australia,AUS,2009,63.45
Australia,AUS,2010,63.6
Australia,AUS,2011,63.8
Australia,AUS,2012,63.75
Australia,AUS,2013,64.15
Australia,AUS,2014,63.85
Australia,AUS,2015,64.3
Australia,AUS,2016,64.4
Australia,AUS,2017,64.9
Australia,AUS,2018,64.8
Australia,AUS,2019,63.8
Australia,AUS,2020,63.7
Australia,AUS,2021,64.0
Australia,AUS,2022,64.75
Australia,AUS,2023,64.65
Australia,AUS,2024,64.65
Austria,AUT,1990,61.75
Austria,AUT,1991,61.6
Austria,AUT,1992,61.25
Austria,AUT,1993,60.95
Austria,AUT,1994,60.7
Austria,AUT,1995,60.25
Austria,AUT,1996,60.15
Austria,AUT,1997,60.3
Austria,AUT,1998,60.45
Austria,AUT,1999,60.05
Austria,AUT,2000,59.6
Austria,AUT,2001,58.9
Austria,AUT,2002,59.5
Austria,AUT,2003,59.6
Austria,AUT,2004,58.5
Austria,AUT,2005,58.25
Austria,AUT,2006,58.95
Austria,AUT,2007,58.05
Austria,AUT,2008,57.7
Austria,AUT,2009,58.0
Austria,AUT,2010,58.75
Austria,AUT,2011,59.2
Austria,AUT,2012,60.5
Austria,AUT,2013,61.0
Austria,AUT,2014,61.2
Austria,AUT,2015,61.05
Austria,AUT,2016,61.3
Austria,AUT,2017,62.05
Austria,AUT,2018,62.15
Austria,AUT,2019,61.5
Austria,AUT,2020,61.35
Austria,AUT,2021,61.95
Austria,AUT,2022,61.25
Austria,AUT,2023,61.75
Austria,AUT,2024,61.95
Belgium,BEL,1990,57.3
Belgium,BEL,1991,57.65
Belgium,BEL,1992,56.7
Belgium,BEL,1993,57.35
Belgium,BEL,1994,57.4
Belgium,BEL,1995,57.35
Belgium,BEL,1996,56.7
Belgium,BEL,1997,57.65
Belgium,BEL,1998,57.65
Belgium,BEL,1999,57.85
Belgium,BEL,2000,57.8
Belgium,BEL,2001,57.75
Belgium,BEL,2002,57.65
Belgium,BEL,2003,57.0
Belgium,BEL,2004,57.8
Belgium,BEL,2005,58.15
Belgium,BEL,2006,58.45
Belgium,BEL,2007,59.3
Belgium,BEL,2008,59.6
Belgium,BEL,2009,59.65
Belgium,BEL,2010,59.8
Belgium,BEL,2011,59.3
Belgium,BEL,2012,59.15
Belgium,BEL,2013,59.4
Belgium,BEL,2014,59.55
Belgium,BEL,2015,59.85
Belgium,BEL,2016,60.5
Belgium,BEL,2017,60.9
Belgium,BEL,2018,61.05
Belgium,BEL,2019,59.95
Belgium,BEL,2020,60.5
Belgium,BEL,2021,60.5
Belgium,BEL,2022,61.2
Belgium,BEL,2023,61.1
Belgium,BEL,2024,61.5
Canada,CAN,1990,62.5
Canada,CAN,1991,62.5
Canada,CAN,1992,62.15
Canada,CAN,1993,61.8
Canada,CAN,1994,61.5
Canada,CAN,1995,61.35
Canada,CAN,1996,61.0
Canada,CAN,1997,61.15
Canada,CAN,1998,61.2
Canada,CAN,1999,61.75
Canada,CAN,2000,61.75
Canada,CAN,2001,62.0
Canada,CAN,2002,62.35
Canada,CAN,2003,63.0
Canada,CAN,2004,62.65
Canada,CAN,2005,62.55
Canada,CAN,2006,62.6
Canada,CAN,2007,62.65
Canada,CAN,2008,62.6
Canada,CAN,2009,62.75
Canada,CAN,2010,62.85
Canada,CAN,2011,63.3
Canada,CAN,2012,63.3
Canada,CAN,2013,63.55
Canada,CAN,2014,63.55
Canada,CAN,2015,64.15
Canada,CAN,2016,64.55
Canada,CAN,2017,64.8
Canada,CAN,2018,64.75
Canada,CAN,2019,63.85
Canada,CAN,2020,63.25
Canada,CAN,2021,64.25
Canada,CAN,2022,64.2
Canada,CAN,2023,64.6
Canada,CAN,2024,64.2
Chile,CHL,1990,69.4
Chile,CHL,1991,66.1
Chile,CHL,1992,66.0
Chile,CHL,1993,67.6
Chile,CHL,1994,67.9
Chile,CHL,1995,65.75
Chile,CHL,1996,66.65
Chile,CHL,1997,67.55
Chile,CHL,1998,67.9
Chile,CHL,1999,67.75
Chile,CHL,2000,68.65
Chile,CHL,2001,67.55
Chile,CHL,2002,66.3
Chile,CHL,2003,66.7
Chile,CHL,2004,66.3
Chile,CHL,2005,67.25
Chile,CHL,2006,68.15
Chile,CHL,2007,69.5
Chile,CHL,2008,68.7
Chile,CHL,2009,68.9
Chile,CHL,2010,68.5
Chile,CHL,2011,68.8
Chile,CHL,2012,69.35
Chile,CHL,2013,68.65
Chile,CHL,2014,68.95
Chile,CHL,2015,69.2
Chile,CHL,2016,68.9
Chile,CHL,2017,68.15
Chile,CHL,2018,68.35
Chile,CHL,2019,66.3
Chile,CHL,2020,62.85
Chile,CHL,2021,64.0
Chile,CHL,2022,65.5
Chile,CHL,2023,66.6
Chile,CHL,2024,67.6
Colombia,COL,2019,65.6
Colombia,COL,2020,63.5
Colombia,COL,2021,64.45
Colombia,COL,2022,64.25
Colombia,COL,2023,64.4
Colombia,COL,2024,64.3
Costa Rica,CRI,2019,64.6
Costa Rica,CRI,2020,64.3
Costa Rica,CRI,2021,63.8
Costa Rica,CRI,2022,64.45
Costa Rica,CRI,2023,62.15
Costa Rica,CRI,2024,62.3
Czechia,CZE,1996,59.9
Czechia,CZE,1997,60.05
Czechia,CZE,1998,60.05
Czechia,CZE,1999,59.9
Czechia,CZE,2000,59.8
Czechia,CZE,2001,60.05
Czechia,CZE,2002,60.0
Czechia,CZE,2003,60.05
Czechia,CZE,2004,59.85
Czechia,CZE,2005,59.95
Czechia,CZE,2006,60.0
Czechia,CZE,2007,60.3
Czechia,CZE,2008,60.7
Czechia,CZE,2009,60.5
Czechia,CZE,2010,60.6
Czechia,CZE,2011,60.85
Czechia,CZE,2012,61.45
Czechia,CZE,2013,61.65
Czechia,CZE,2014,61.9
Czechia,CZE,2015,61.9
Czechia,CZE,2016,61.65
Czechia,CZE,2017,61.8
Czechia,CZE,2018,62.25
Czechia,CZE,2019,62.0
Czechia,CZE,2020,62.3
Czechia,CZE,2021,62.55
Czechia,CZE,2022,63.1
Czechia,CZE,2023,63.45
Czechia,CZE,2024,63.6
Denmark,DNK,1990,63.65
Denmark,DNK,1991,63.3
Denmark,DNK,1992,62.85
Denmark,DNK,1993,61.85
Denmark,DNK,1994,60.9
Denmark,DNK,1995,61.1
Denmark,DNK,1996,60.7
Denmark,DNK,1997,60.95
Denmark,DNK,1998,61.1
Denmark,DNK,1999,61.85
Denmark,DNK,2000,61.6
Denmark,DNK,2001,61.95
Denmark,DNK,2002,62.3
Denmark,DNK,2003,63.1
Denmark,DNK,2004,62.25
Denmark,DNK,2005,62.55
Denmark,DNK,2006,63.1
Denmark,DNK,2007,62.7
Denmark,DNK,2008,63.15
Denmark,DNK,2009,63.4
Denmark,DNK,2010,62.9
Denmark,DNK,2011,62.45
Denmark,DNK,2012,62.6
Denmark,DNK,2013,61.95
Denmark,DNK,2014,61.8
Denmark,DNK,2015,62.65
Denmark,DNK,2016,63.3
Denmark,DNK,2017,63.65
Denmark,DNK,2018,63.8
Denmark,DNK,2019,63.9
Denmark,DNK,2020,63.65
Denmark,DNK,2021,64.85
Denmark,DNK,2022,64.15
Denmark,DNK,2023,65.1
Denmark,DNK,2024,64.9
Estonia,EST,1990,64.7
Estonia,EST,1991,64.55
Estonia,EST,1992,63.85
Estonia,EST,1993,63.95
Estonia,EST,1994,64.15
Estonia,EST,1995,63.9
Estonia,EST,1996,63.7
Estonia,EST,1997,63.85
Estonia,EST,1998,62.7
Estonia,EST,1999,62.05
Estonia,EST,2000,59.45
Estonia,EST,2001,60.2
Estonia,EST,2002,59.6
Estonia,EST,2003,59.35
Estonia,EST,2004,60.1
Estonia,EST,2005,62.7
Estonia,EST,2006,64.4
Estonia,EST,2007,64.6
Estonia,EST,2008,65.45
Estonia,EST,2009,65.9
Estonia,EST,2010,64.6
Estonia,EST,2011,63.6
Estonia,EST,2012,63.15
Estonia,EST,2013,63.55
Estonia,EST,2014,63.3
Estonia,EST,2015,63.9
Estonia,EST,2016,65.05
Estonia,EST,2017,65.5
Estonia,EST,2018,65.6
Estonia,EST,2019,64.3
Estonia,EST,2020,64.75
Estonia,EST,2021,64.85
Estonia,EST,2022,64.85
Estonia,EST,2023,66.15
Estonia,EST,2024,67.1
Finland,FIN,1990,60.45
Finland,FIN,1991,59.9
Finland,FIN,1992,59.85
Finland,FIN,1993,60.35
Finland,FIN,1994,60.45
Finland,FIN,1995,60.4
Finland,FIN,1996,60.8
Finland,FIN,1997,59.7
Finland,FIN,1998,59.8
Finland,FIN,1999,59.45
Finland,FIN,2000,60.0
Finland,FIN,2001,60.3
Finland,FIN,2002,60.4
Finland,FIN,2003,59.8
Finland,FIN,2004,60.1
Finland,FIN,2005,60.25
Finland,FIN,2006,60.25
Finland,FIN,2007,60.45
Finland,FIN,2008,61.1
Finland,FIN,2009,61.55
Finland,FIN,2010,61.7
Finland,FIN,2011,62.05
Finland,FIN,2012,62.45
Finland,FIN,2013,62.35
Finland,FIN,2014,62.15
Finland,FIN,2015,62.55
Finland,FIN,2016,62.9
Finland,FIN,2017,63.45
Finland,FIN,2018,63.85
Finland,FIN,2019,63.25
Finland,FIN,2020,63.3
Finland,FIN,2021,63.3
Finland,FIN,2022,63.75
Finland,FIN,2023,63.25
Finland,FIN,2024,63.2
France,FRA,1990,60.15
France,FRA,1991,59.95
France,FRA,1992,60.05
France,FRA,1993,59.95
France,FRA,1994,60.0
France,FRA,1995,59.8
France,FRA,1996,59.75
France,FRA,1997,59.5
France,FRA,1998,59.4
France,FRA,1999,59.15
France,FRA,2000,58.8
France,FRA,2001,58.7
France,FRA,2002,58.6
France,FRA,2003,58.8
France,FRA,2004,58.95
France,FRA,2005,59.05
France,FRA,2006,59.0
France,FRA,2007,59.2
France,FRA,2008,59.25
France,FRA,2009,59.3
France,FRA,2010,59.4
France,FRA,2011,59.2
France,FRA,2012,59.8
France,FRA,2013,59.7
France,FRA,2014,59.65
France,FRA,2015,59.7
France,FRA,2016,60.15
France,FRA,2017,60.55
France,FRA,2018,60.8
France,FRA,2019,60.2
France,FRA,2020,60.65
France,FRA,2021,61.25
France,FRA,2022,61.45
France,FRA,2023,61.6
France,FRA,2024,62.15
Germany,DEU,1990,61.5
Germany,DEU,1991,61.2
Germany,DEU,1992,61.3
Germany,DEU,1993,61.1
Germany,DEU,1994,60.6
Germany,DEU,1995,59.85
Germany,DEU,1996,59.65
Germany,DEU,1997,60.1
Germany,DEU,1998,60.35
Germany,DEU,1999,60.45
Germany,DEU,2000,60.65
Germany,DEU,2001,60.7
Germany,DEU,2002,60.6
Germany,DEU,2003,60.7
Germany,DEU,2004,60.95
Germany,DEU,2005,61.25
Germany,DEU,2006,61.3
Germany,DEU,2007,61.4
Germany,DEU,2008,60.7
Germany,DEU,2009,61.15
Germany,DEU,2010,61.6
Germany,DEU,2011,61.75
Germany,DEU,2012,61.9
Germany,DEU,2013,62.3
Germany,DEU,2014,62.7
Germany,DEU,2015,62.75
Germany,DEU,2016,63.25
Germany,DEU,2017,63.5
Germany,DEU,2018,63.8
Germany,DEU,2019,63.35
Germany,DEU,2020,63.1
Germany,DEU,2021,63.15
Germany,DEU,2022,63.55
Germany,DEU,2023,63.9
Germany,DEU,2024,64.05
Greece,GRC,1990,62.3
Greece,GRC,1991,62.0
Greece,GRC,1992,62.1
Greece,GRC,1993,62.15
Greece,GRC,1994,61.4
Greece,GRC,1995,62.0
Greece,GRC,1996,63.45
Greece,GRC,1997,62.6
Greece,GRC,1998,62.1
Greece,GRC,1999,62.9
Greece,GRC,2000,62.95
Greece,GRC,2001,62.15
Greece,GRC,2002,61.75
Greece,GRC,2003,62.2
Greece,GRC,2004,61.95
Greece,GRC,2005,61.8
Greece,GRC,2006,61.85
Greece,GRC,2007,61.85
Greece,GRC,2008,61.25
Greece,GRC,2009,60.75
Greece,GRC,2010,61.1
Greece,GRC,2011,60.85
Greece,GRC,2012,61.1
Greece,GRC,2013,61.0
Greece,GRC,2014,60.8
Greece,GRC,2015,60.85
Greece,GRC,2016,61.1
Greece,GRC,2017,60.7
Greece,GRC,2018,60.85
Greece,GRC,2019,60.2
Greece,GRC,2020,59.5
Greece,GRC,2021,59.85
Greece,GRC,2022,61.45
Greece,GRC,2023,61.25
Greece,GRC,2024,62.8
Hungary,HUN,1990,61.1
Hungary,HUN,1991,60.8
Hungary,HUN,1992,60.55
Hungary,HUN,1993,60.0
Hungary,HUN,1994,59.7
Hungary,HUN,1995,59.6
Hungary,HUN,1996,58.55
Hungary,HUN,1997,57.5
Hungary,HUN,1998,56.9
Hungary,HUN,1999,57.25
Hungary,HUN,2000,57.05
Hungary,HUN,2001,56.8
Hungary,HUN,2002,56.9
Hungary,HUN,2003,57.4
Hungary,HUN,2004,56.7
Hungary,HUN,2005,58.1
Hungary,HUN,2006,58.7
Hungary,HUN,2007,58.9
Hungary,HUN,2008,58.95
Hungary,HUN,2009,59.4
Hungary,HUN,2010,59.5
Hungary,HUN,2011,59.55
Hungary,HUN,2012,60.15
Hungary,HUN,2013,60.55
Hungary,HUN,2014,61.35
Hungary,HUN,2015,61.55
Hungary,HUN,2016,62.15
Hungary,HUN,2017,61.75
Hungary,HUN,2018,61.7
Hungary,HUN,2019,60.6
Hungary,HUN,2020,60.9
Hungary,HUN,2021,61.8
Hungary,HUN,2022,62.0
Hungary,HUN,2023,62.2
Hungary,HUN,2024,62.8
Iceland,ISL,1990,71.1
Iceland,ISL,1991,71.35
Iceland,ISL,1992,71.05
Iceland,ISL,1993,70.85
Iceland,ISL,1994,70.3
Iceland,ISL,1995,70.2
Iceland,ISL,1996,69.15
Iceland,ISL,1997,69.65
Iceland,ISL,1998,69.55
Iceland,ISL,1999,69.05
Iceland,ISL,2000,68.35
Iceland,ISL,2001,67.85
Iceland,ISL,2002,68.3
Iceland,ISL,2003,67.25
Iceland,ISL,2004,66.45
Iceland,ISL,2005,66.75
Iceland,ISL,2006,67.7
Iceland,ISL,2007,67.5
Iceland,ISL,2008,67.3
Iceland,ISL,2009,67.55
Iceland,ISL,2010,67.4
Iceland,ISL,2011,66.95
Iceland,ISL,2012,67.7
Iceland,ISL,2013,68.6
Iceland,ISL,2014,68.7
Iceland,ISL,2015,69.2
Iceland,ISL,2016,68.5
Iceland,ISL,2017,68.2
Iceland,ISL,2018,67.0
Iceland,ISL,2019,65.15
Iceland,ISL,2020,64.75
Iceland,ISL,2021,65.5
Iceland,ISL,2022,67.05
Iceland,ISL,2023,67.4
Iceland,ISL,2024,67.3
Ireland,IRL,1990,63.9
Ireland,IRL,1991,65.05
Ireland,IRL,1992,63.3
Ireland,IRL,1993,64.3
Ireland,IRL,1994,64.8
Ireland,IRL,1995,63.85
Ireland,IRL,1996,64.15
Ireland,IRL,1997,64.4
Ireland,IRL,1998,64.25
Ireland,IRL,1999,65.05
Ireland,IRL,2000,65.6
Ireland,IRL,2001,65.2
Ireland,IRL,2002,65.65
Ireland,IRL,2003,65.3
Ireland,IRL,2004,65.0
Ireland,IRL,2005,65.35
Ireland,IRL,2006,65.3
Ireland,IRL,2007,65.15
Ireland,IRL,2008,64.8
Ireland,IRL,2009,63.6
Ireland,IRL,2010,63.5
Ireland,IRL,2011,63.45
Ireland,IRL,2012,63.3
Ireland,IRL,2013,64.15
Ireland,IRL,2014,64.2
Ireland,IRL,2015,64.85
Ireland,IRL,2016,64.9
Ireland,IRL,2017,65.1
Ireland,IRL,2018,64.85
Ireland,IRL,2019,63.9
Ireland,IRL,2020,63.75
Ireland,IRL,2021,64.35
Ireland,IRL,2022,65.6
Ireland,IRL,2023,66.0
Ireland,IRL,2024,66.05
Israel,ISR,1990,65.5
Israel,ISR,1991,67.25
Israel,ISR,1992,66.2
Israel,ISR,1993,65.85
Israel,ISR,1994,65.25
Israel,ISR,1995,65.45
Israel,ISR,1996,64.35
Israel,ISR,1997,63.95
Israel,ISR,1998,64.45
Israel,ISR,1999,65.2
Israel,ISR,2000,65.2
Israel,ISR,2001,64.9
Israel,ISR,2002,65.05
Israel,ISR,2003,64.35
Israel,ISR,2004,63.65
Israel,ISR,2005,63.6
Israel,ISR,2006,64.45
Israel,ISR,2007,64.55
Israel,ISR,2008,64.7
Israel,ISR,2009,65.4
Israel,ISR,2010,66.3
Israel,ISR,2011,65.4
Israel,ISR,2012,65.95
Israel,ISR,2013,67.2
Israel,ISR,2014,67.1
Israel,ISR,2015,67.35
Israel,ISR,2016,67.9
Israel,ISR,2017,67.8
Israel,ISR,2018,67.7
Israel,ISR,2019,65.35
Israel,ISR,2020,65.1
Israel,ISR,2021,65.45
Israel,ISR,2022,66.25
Israel,ISR,2023,67.2
Israel,ISR,2024,66.75
Italy,ITA,1990,60.5
Italy,ITA,1991,60.45
Italy,ITA,1992,59.65
Italy,ITA,1993,60.2
Italy,ITA,1994,59.65
Italy,ITA,1995,59.4
Italy,ITA,1996,59.7
Italy,ITA,1997,59.5
Italy,ITA,1998,59.15
Italy,ITA,1999,59.15
Italy,ITA,2000,59.4
Italy,ITA,2001,59.65
Italy,ITA,2002,60.8
Italy,ITA,2003,60.55
Italy,ITA,2004,60.4
Italy,ITA,2005,60.25
Italy,ITA,2006,60.35
Italy,ITA,2007,60.3
Italy,ITA,2008,59.75
Italy,ITA,2009,59.75
Italy,ITA,2010,59.8
Italy,ITA,2011,60.05
Italy,ITA,2012,60.9
Italy,ITA,2013,60.85
Italy,ITA,2014,61.25
Italy,ITA,2015,61.2
Italy,ITA,2016,61.7
Italy,ITA,2017,61.7
Italy,ITA,2018,62.4
Italy,ITA,2019,62.15
Italy,ITA,2020,61.8
Italy,ITA,2021,61.65
Italy,ITA,2022,62.5
Italy,ITA,2023,63.1
Italy,ITA,2024,63.3
Japan,JPN,1990,68.5
Japan,JPN,1991,69.1
Japan,JPN,1992,69.4
Japan,JPN,1993,69.35
Japan,JPN,1994,68.85
Japan,JPN,1995,68.6
Japan,JPN,1996,68.45
Japan,JPN,1997,68.4
Japan,JPN,1998,68.05
Japan,JPN,1999,68.2
Japan,JPN,2000,68.15
Japan,JPN,2001,67.85
Japan,JPN,2002,67.7
Japan,JPN,2003,67.8
Japan,JPN,2004,67.8
Japan,JPN,2005,67.8
Japan,JPN,2006,67.85
Japan,JPN,2007,68.0
Japan,JPN,2008,68.25
Japan,JPN,2009,68.5
Japan,JPN,2010,68.55
Japan,JPN,2011,68.05
Japan,JPN,2012,67.95
Japan,JPN,2013,68.35
Japan,JPN,2014,68.45
Japan,JPN,2015,68.7
Japan,JPN,2016,69.45
Japan,JPN,2017,69.95
Japan,JPN,2018,69.95
Japan,JPN,2019,67.4
Japan,JPN,2020,67.55
Japan,JPN,2021,67.3
Japan,JPN,2022,67.65
Japan,JPN,2023,67.05
Japan,JPN,2024,67.15
Korea,KOR,1990,69.75
Korea,KOR,1991,69.75
Korea,KOR,1992,69.8
Korea,KOR,1993,68.3
Korea,KOR,1994,68.75
Korea,KOR,1995,68.65
Korea,KOR,1996,68.45
Korea,KOR,1997,68.85
Korea,KOR,1998,67.75
Korea,KOR,1999,67.0
Korea,KOR,2000,66.4
Korea,KOR,2001,67.05
Korea,KOR,2002,67.15
Korea,KOR,2003,67.05
Korea,KOR,2004,68.45
Korea,KOR,2005,69.0
Korea,KOR,2006,69.2
Korea,KOR,2007,69.3
Korea,KOR,2008,69.85
Korea,KOR,2009,69.7
Korea,KOR,2010,70.2
Korea,KOR,2011,70.55
Korea,KOR,2012,70.8
Korea,KOR,2013,70.95
Korea,KOR,2014,72.15
Korea,KOR,2015,72.15
Korea,KOR,2016,72.15
Korea,KOR,2017,73.0
Korea,KOR,2018,72.3
Korea,KOR,2019,67.25
Korea,KOR,2020,65.3
Korea,KOR,2021,65.65
Korea,KOR,2022,66.4
Korea,KOR,2023,67.85
Korea,KOR,2024,68.5
Latvia,LVA,1994,61.75
Latvia,LVA,1995,61.35
Latvia,LVA,1996,61.0
Latvia,LVA,1997,60.65
Latvia,LVA,1998,61.2
Latvia,LVA,1999,60.8
Latvia,LVA,2000,60.9
Latvia,LVA,2001,61.55
Latvia,LVA,2002,62.8
Latvia,LVA,2003,61.05
Latvia,LVA,2004,61.85
Latvia,LVA,2005,61.8
Latvia,LVA,2006,61.4
Latvia,LVA,2007,63.35
Latvia,LVA,2008,63.45
Latvia,LVA,2009,63.55
Latvia,LVA,2010,64.05
Latvia,LVA,2011,64.8
Latvia,LVA,2012,64.95
Latvia,LVA,2013,64.0
Latvia,LVA,2014,63.05
Latvia,LVA,2015,61.45
Latvia,LVA,2016,61.6
Latvia,LVA,2017,62.65
Latvia,LVA,2018,65.2
Latvia,LVA,2019,62.95
Latvia,LVA,2020,65.4
Latvia,LVA,2021,63.5
Latvia,LVA,2022,62.45
Latvia,LVA,2023,62.2
Latvia,LVA,2024,63.5
Lithuania,LTU,1994,61.45
Lithuania,LTU,1995,61.2
Lithuania,LTU,1996,60.95
Lithuania,LTU,1997,60.65
Lithuania,LTU,1998,61.2
Lithuania,LTU,1999,60.85
Lithuania,LTU,2000,60.2
Lithuania,LTU,2001,60.65
Lithuania,LTU,2002,61.05
Lithuania,LTU,2003,61.35
Lithuania,LTU,2004,62.6
Lithuania,LTU,2005,62.65
Lithuania,LTU,2006,60.8
Lithuania,LTU,2007,60.05
Lithuania,LTU,2008,60.8
Lithuania,LTU,2009,60.25
Lithuania,LTU,2010,61.3
Lithuania,LTU,2011,62.65
Lithuania,LTU,2012,63.0
Lithuania,LTU,2013,63.45
Lithuania,LTU,2014,63.35
Lithuania,LTU,2015,62.6
Lithuania,LTU,2016,61.9
Lithuania,LTU,2017,62.75
Lithuania,LTU,2018,63.65
Lithuania,LTU,2019,62.65
Lithuania,LTU,2020,63.2
Lithuania,LTU,2021,63.35
Lithuania,LTU,2022,63.6
Lithuania,LTU,2023,63.65
Lithuania,LTU,2024,63.5
Luxembourg,LUX,1990,60.2
Luxembourg,LUX,1991,58.25
Luxembourg,LUX,1992,58.4
Luxembourg,LUX,1993,59.6
Luxembourg,LUX,1994,58.85
Luxembourg,LUX,1995,58.9
Luxembourg,LUX,1996,58.15
Luxembourg,LUX,1997,57.95
Luxembourg,LUX,1998,58.55
Luxembourg,LUX,1999,59.0
Luxembourg,LUX,2000,60.0
Luxembourg,LUX,2001,59.0
Luxembourg,LUX,2002,59.8
Luxembourg,LUX,2003,58.75
Luxembourg,LUX,2004,58.9
Luxembourg,LUX,2005,60.3
Luxembourg,LUX,2006,59.95
Luxembourg,LUX,2007,59.9
Luxembourg,LUX,2008,60.6
Luxembourg,LUX,2009,57.55
Luxembourg,LUX,2010,58.15
Luxembourg,LUX,2011,58.25
Luxembourg,LUX,2012,59.0
Luxembourg,LUX,2013,59.55
Luxembourg,LUX,2014,61.9
Luxembourg,LUX,2015,59.75
Luxembourg,LUX,2016,61.1
Luxembourg,LUX,2017,60.25
Luxembourg,LUX,2018,60.9
Luxembourg,LUX,2019,59.15
Luxembourg,LUX,2020,59.65
Luxembourg,LUX,2021,59.35
Luxembourg,LUX,2022,59.45
Luxembourg,LUX,2023,59.45
Luxembourg,LUX,2024,60.2
Mexico,MEX,1990,74.7
Mexico,MEX,1991,74.2
Mexico,MEX,1992,74.05
Mexico,MEX,1993,74.1
Mexico,MEX,1994,73.35
Mexico,MEX,1995,72.4
Mexico,MEX,1996,72.2
Mexico,MEX,1997,73.55
Mexico,MEX,1998,72.2
Mexico,MEX,1999,72.75
Mexico,MEX,2000,72.05
Mexico,MEX,2001,71.05
Mexico,MEX,2002,70.4
Mexico,MEX,2003,71.0
Mexico,MEX,2004,73.0
Mexico,MEX,2005,73.0
Mexico,MEX,2006,74.05
Mexico,MEX,2007,73.8
Mexico,MEX,2008,73.3
Mexico,MEX,2009,70.8
Mexico,MEX,2010,70.6
Mexico,MEX,2011,70.15
Mexico,MEX,2012,70.25
Mexico,MEX,2013,70.4
Mexico,MEX,2014,69.45
Mexico,MEX,2015,70.1
Mexico,MEX,2016,69.6
Mexico,MEX,2017,69.0
Mexico,MEX,2018,68.9
Mexico,MEX,2019,66.25
Mexico,MEX,2020,64.35
Mexico,MEX,2021,65.25
Mexico,MEX,2022,66.25
Mexico,MEX,2023,67.35
Mexico,MEX,2024,66.75
Netherlands,NLD,1990,59.25
Netherlands,NLD,1991,59.55
Netherlands,NLD,1992,59.75
Netherlands,NLD,1993,59.6
Netherlands,NLD,1994,60.1
Netherlands,NLD,1995,60.6
Netherlands,NLD,1996,59.6
Netherlands,NLD,1997,60.3
Netherlands,NLD,1998,60.25
Netherlands,NLD,1999,60.2
Netherlands,NLD,2000,59.65
Netherlands,NLD,2001,59.8
Netherlands,NLD,2002,59.5
Netherlands,NLD,2003,59.7
Netherlands,NLD,2004,59.75
Netherlands,NLD,2005,60.7
Netherlands,NLD,2006,60.95
Netherlands,NLD,2007,61.35
Netherlands,NLD,2008,62.0
Netherlands,NLD,2009,62.2
Netherlands,NLD,2010,62.15
Netherlands,NLD,2011,62.8
Netherlands,NLD,2012,62.95
Netherlands,NLD,2013,62.55
Netherlands,NLD,2014,62.55
Netherlands,NLD,2015,62.8
Netherlands,NLD,2016,62.9
Netherlands,NLD,2017,63.25
Netherlands,NLD,2018,63.85
Netherlands,NLD,2019,63.4
Netherlands,NLD,2020,63.35
Netherlands,NLD,2021,63.8
Netherlands,NLD,2022,64.45
Netherlands,NLD,2023,64.8
Netherlands,NLD,2024,64.85
New Zealand,NZL,1990,62.15
New Zealand,NZL,1991,62.0
New Zealand,NZL,1992,61.8
New Zealand,NZL,1993,61.85
New Zealand,NZL,1994,61.7
New Zealand,NZL,1995,62.0
New Zealand,NZL,1996,61.8
New Zealand,NZL,1997,61.4
New Zealand,NZL,1998,62.15
New Zealand,NZL,1999,62.6
New Zealand,NZL,2000,62.1
New Zealand,NZL,2001,62.6
New Zealand,NZL,2002,62.75
New Zealand,NZL,2003,62.9
New Zealand,NZL,2004,63.85
New Zealand,NZL,2005,64.8
New Zealand,NZL,2006,65.3
New Zealand,NZL,2007,65.25
New Zealand,NZL,2008,65.5
New Zealand,NZL,2009,66.05
New Zealand,NZL,2010,65.7
New Zealand,NZL,2011,65.9
New Zealand,NZL,2012,66.6
New Zealand,NZL,2013,66.95
New Zealand,NZL,2014,67.1
New Zealand,NZL,2015,66.8
New Zealand,NZL,2016,67.4
New Zealand,NZL,2017,68.4
New Zealand,NZL,2018,68.1
New Zealand,NZL,2019,66.25
New Zealand,NZL,2020,67.0
New Zealand,NZL,2021,66.35
New Zealand,NZL,2022,66.4
New Zealand,NZL,2023,66.9
New Zealand,NZL,2024,66.9
Norway,NOR,1990,62.95
Norway,NOR,1991,62.65
Norway,NOR,1992,62.15
Norway,NOR,1993,62.5
Norway,NOR,1994,63.2
Norway,NOR,1995,63.65
Norway,NOR,1996,64.1
Norway,NOR,1997,64.6
Norway,NOR,1998,64.8
Norway,NOR,1999,64.15
Norway,NOR,2000,63.85
Norway,NOR,2001,63.5
Norway,NOR,2002,62.4
Norway,NOR,2003,62.4
Norway,NOR,2004,62.25
Norway,NOR,2005,62.55
Norway,NOR,2006,63.1
Norway,NOR,2007,63.7
Norway,NOR,2008,64.8
Norway,NOR,2009,64.65
Norway,NOR,2010,63.95
Norway,NOR,2011,64.25
Norway,NOR,2012,64.55
Norway,NOR,2013,63.95
Norway,NOR,2014,64.7
Norway,NOR,2015,64.95
Norway,NOR,2016,65.3
Norway,NOR,2017,64.7
Norway,NOR,2018,65.1
Norway,NOR,2019,63.8
Norway,NOR,2020,64.0
Norway,NOR,2021,63.8
Norway,NOR,2022,63.65
Norway,NOR,2023,62.9
Norway,NOR,2024,63.7
Poland,POL,1990,64.75
Poland,POL,1991,64.75
Poland,POL,1992,64.65
Poland,POL,1993,64.75
Poland,POL,1994,63.65
Poland,POL,1995,62.65
Poland,POL,1996,61.8
Poland,POL,1997,60.95
Poland,POL,1998,60.8
Poland,POL,1999,61.1
Poland,POL,2000,60.4
Poland,POL,2001,60.3
Poland,POL,2002,60.1
Poland,POL,2003,60.15
Poland,POL,2004,59.65
Poland,POL,2005,59.75
Poland,POL,2006,59.45
Poland,POL,2007,59.45
Poland,POL,2008,59.6
Poland,POL,2009,60.1
Poland,POL,2010,60.25
Poland,POL,2011,60.5
Poland,POL,2012,61.05
Poland,POL,2013,61.05
Poland,POL,2014,60.85
Poland,POL,2015,61.0
Poland,POL,2016,61.2
Poland,POL,2017,61.35
Poland,POL,2018,61.7
Poland,POL,2019,60.75
Poland,POL,2020,61.15
Poland,POL,2021,62.3
Poland,POL,2022,62.7
Poland,POL,2023,62.6
Poland,POL,2024,62.55
Portugal,PRT,1990,65.05
Portugal,PRT,1991,65.3
Portugal,PRT,1992,64.65
Portugal,PRT,1993,64.0
Portugal,PRT,1994,63.95
Portugal,PRT,1995,63.3
Portugal,PRT,1996,63.1
Portugal,PRT,1997,63.2
Portugal,PRT,1998,61.9
Portugal,PRT,1999,61.55
Portugal,PRT,2000,61.9
Portugal,PRT,2001,62.6
Portugal,PRT,2002,62.8
Portugal,PRT,2003,64.25
Portugal,PRT,2004,65.45
Portugal,PRT,2005,66.25
Portugal,PRT,2006,66.3
Portugal,PRT,2007,66.45
Portugal,PRT,2008,65.95
Portugal,PRT,2009,65.4
Portugal,PRT,2010,65.6
Portugal,PRT,2011,65.7
Portugal,PRT,2012,66.05
Portugal,PRT,2013,66.5
Portugal,PRT,2014,66.6
Portugal,PRT,2015,66.9
Portugal,PRT,2016,66.95
Portugal,PRT,2017,67.6
Portugal,PRT,2018,66.95
Portugal,PRT,2019,64.25
Portugal,PRT,2020,64.05
Portugal,PRT,2021,65.25
Portugal,PRT,2022,65.6
Portugal,PRT,2023,65.8
Portugal,PRT,2024,65.5
Slovak Republic,SVK,1996,57.95
Slovak Republic,SVK,1997,57.5
Slovak Republic,SVK,1998,57.1
Slovak Republic,SVK,1999,57.25
Slovak Republic,SVK,2000,57.55
Slovak Republic,SVK,2001,57.8
Slovak Republic,SVK,2002,57.75
Slovak Republic,SVK,2003,57.95
Slovak Republic,SVK,2004,57.85
Slovak Republic,SVK,2005,57.5
Slovak Republic,SVK,2006,57.15
Slovak Republic,SVK,2007,56.95
Slovak Republic,SVK,2008,57.3
Slovak Republic,SVK,2009,57.95
Slovak Republic,SVK,2010,58.4
Slovak Republic,SVK,2011,59.05
Slovak Republic,SVK,2012,59.75
Slovak Republic,SVK,2013,59.65
Slovak Republic,SVK,2014,59.95
Slovak Republic,SVK,2015,60.1
Slovak Republic,SVK,2016,60.15
Slovak Republic,SVK,2017,60.05
Slovak Republic,SVK,2018,60.5
Slovak Republic,SVK,2019,59.85
Slovak Republic,SVK,2020,60.0
Slovak Republic,SVK,2021,60.6
Slovak Republic,SVK,2022,61.7
Slovak Republic,SVK,2023,61.55
Slovak Republic,SVK,2024,61.95
Slovenia,SVN,1996,59.25
Slovenia,SVN,1997,56.95
Slovenia,SVN,1998,57.4
Slovenia,SVN,1999,58.35
Slovenia,SVN,2000,58.6
Slovenia,SVN,2001,58.3
Slovenia,SVN,2002,60.7
Slovenia,SVN,2003,60.2
Slovenia,SVN,2004,59.1
Slovenia,SVN,2005,59.75
Slovenia,SVN,2006,59.9
Slovenia,SVN,2007,58.7
Slovenia,SVN,2008,59.2
Slovenia,SVN,2009,60.6
Slovenia,SVN,2010,59.7
Slovenia,SVN,2011,59.85
Slovenia,SVN,2012,61.75
Slovenia,SVN,2013,60.3
Slovenia,SVN,2014,60.9
Slovenia,SVN,2015,61.6
Slovenia,SVN,2016,61.6
Slovenia,SVN,2017,61.45
Slovenia,SVN,2018,61.6
Slovenia,SVN,2019,62.15
Slovenia,SVN,2020,61.0
Slovenia,SVN,2021,60.9
Slovenia,SVN,2022,60.8
Slovenia,SVN,2023,60.8
Slovenia,SVN,2024,60.15
Spain,ESP,1990,64.2
Spain,ESP,1991,63.7
Spain,ESP,1992,62.8
Spain,ESP,1993,62.15
Spain,ESP,1994,62.2
Spain,ESP,1995,61.9
Spain,ESP,1996,61.85
Spain,ESP,1997,62.2
Spain,ESP,1998,62.2
Spain,ESP,1999,61.3
Spain,ESP,2000,61.7
Spain,ESP,2001,61.8
Spain,ESP,2002,61.25
Spain,ESP,2003,61.75
Spain,ESP,2004,62.05
Spain,ESP,2005,62.0
Spain,ESP,2006,62.1
Spain,ESP,2007,62.15
Spain,ESP,2008,62.3
Spain,ESP,2009,62.45
Spain,ESP,2010,62.65
Spain,ESP,2011,62.9
Spain,ESP,2012,62.75
Spain,ESP,2013,62.85
Spain,ESP,2014,62.65
Spain,ESP,2015,62.45
Spain,ESP,2016,62.4
Spain,ESP,2017,61.9
Spain,ESP,2018,61.7
Spain,ESP,2019,61.35
Spain,ESP,2020,60.7
Spain,ESP,2021,61.35
Spain,ESP,2022,61.95
Spain,ESP,2023,62.35
Spain,ESP,2024,62.7
Sweden,SWE,1990,63.4
Sweden,SWE,1991,63.3
Sweden,SWE,1992,62.9
Sweden,SWE,1993,63.05
Sweden,SWE,1994,62.85
Sweden,SWE,1995,62.25
Sweden,SWE,1996,62.85
Sweden,SWE,1997,62.9
Sweden,SWE,1998,62.95
Sweden,SWE,1999,63.4
Sweden,SWE,2000,63.05
Sweden,SWE,2001,62.8
Sweden,SWE,2002,62.75
Sweden,SWE,2003,62.9
Sweden,SWE,2004,62.6
Sweden,SWE,2005,63.8
Sweden,SWE,2006,63.65
Sweden,SWE,2007,64.2
Sweden,SWE,2008,64.45
Sweden,SWE,2009,64.85
Sweden,SWE,2010,64.35
Sweden,SWE,2011,65.2
Sweden,SWE,2012,65.2
Sweden,SWE,2013,65.0
Sweden,SWE,2014,64.7
Sweden,SWE,2015,65.05
Sweden,SWE,2016,65.2
Sweden,SWE,2017,65.55
Sweden,SWE,2018,65.9
Sweden,SWE,2019,65.5
Sweden,SWE,2020,65.35
Sweden,SWE,2021,65.0
Sweden,SWE,2022,65.0
Sweden,SWE,2023,64.85
Sweden,SWE,2024,65.05
Switzerland,CHE,1990,66.75
Switzerland,CHE,1991,66.6
Switzerland,CHE,1992,67.55
Switzerland,CHE,1993,67.4
Switzerland,CHE,1994,66.9
Switzerland,CHE,1995,66.65
Switzerland,CHE,1996,66.55
Switzerland,CHE,1997,64.9
Switzerland,CHE,1998,64.7
Switzerland,CHE,1999,64.55
Switzerland,CHE,2000,64.05
Switzerland,CHE,2001,65.15
Switzerland,CHE,2002,64.8
Switzerland,CHE,2003,64.1
Switzerland,CHE,2004,65.05
Switzerland,CHE,2005,64.95
Switzerland,CHE,2006,64.2
Switzerland,CHE,2007,64.45
Switzerland,CHE,2008,65.45
Switzerland,CHE,2009,64.5
Switzerland,CHE,2010,64.35
Switzerland,CHE,2011,65.0
Switzerland,CHE,2012,65.2
Switzerland,CHE,2013,65.05
Switzerland,CHE,2014,65.2
Switzerland,CHE,2015,64.95
Switzerland,CHE,2016,65.15
Switzerland,CHE,2017,65.0
Switzerland,CHE,2018,65.7
Switzerland,CHE,2019,64.7
Switzerland,CHE,2020,64.75
Switzerland,CHE,2021,64.2
Switzerland,CHE,2022,64.3
Switzerland,CHE,2023,64.8
Switzerland,CHE,2024,64.35
Türkiye,TUR,1990,61.75
Türkiye,TUR,1991,63.1
Türkiye,TUR,1992,63.55
Türkiye,TUR,1993,63.8
Türkiye,TUR,1994,63.3
Türkiye,TUR,1995,62.35
Türkiye,TUR,1996,61.05
Türkiye,TUR,1997,61.45
Türkiye,TUR,1998,58.5
Türkiye,TUR,1999,58.5
Türkiye,TUR,2000,59.3
Türkiye,TUR,2001,60.3
Türkiye,TUR,2002,60.7
Türkiye,TUR,2003,62.15
Türkiye,TUR,2004,63.1
Türkiye,TUR,2005,63.7
Türkiye,TUR,2006,64.0
Türkiye,TUR,2007,63.5
Türkiye,TUR,2008,63.45
Türkiye,TUR,2009,63.95
Türkiye,TUR,2010,64.2
Türkiye,TUR,2011,64.3
Türkiye,TUR,2012,64.35
Türkiye,TUR,2013,64.9
Türkiye,TUR,2014,65.65
Türkiye,TUR,2015,65.7
Türkiye,TUR,2016,66.3
Türkiye,TUR,2017,66.0
Türkiye,TUR,2018,65.6
Türkiye,TUR,2019,62.05
Türkiye,TUR,2020,60.0
Türkiye,TUR,2021,60.45
Türkiye,TUR,2022,60.85
Türkiye,TUR,2023,60.1
Türkiye,TUR,2024,60.65
United Kingdom,GBR,1990,61.75
United Kingdom,GBR,1991,61.5
United Kingdom,GBR,1992,61.35
United Kingdom,GBR,1993,61.5
United Kingdom,GBR,1994,61.75
United Kingdom,GBR,1995,61.35
United Kingdom,GBR,1996,61.4
United Kingdom,GBR,1997,61.45
United Kingdom,GBR,1998,61.2
United Kingdom,GBR,1999,61.6
United Kingdom,GBR,2000,61.7
United Kingdom,GBR,2001,61.7
United Kingdom,GBR,2002,62.2
United Kingdom,GBR,2003,62.6
United Kingdom,GBR,2004,62.1
United Kingdom,GBR,2005,62.3
United Kingdom,GBR,2006,62.65
United Kingdom,GBR,2007,62.6
United Kingdom,GBR,2008,62.8
United Kingdom,GBR,2009,63.35
United Kingdom,GBR,2010,63.0
United Kingdom,GBR,2011,62.9
United Kingdom,GBR,2012,63.0
United Kingdom,GBR,2013,63.2
United Kingdom,GBR,2014,63.0
United Kingdom,GBR,2015,63.55
United Kingdom,GBR,2016,63.8
United Kingdom,GBR,2017,63.9
United Kingdom,GBR,2018,64.15
United Kingdom,GBR,2019,63.1
United Kingdom,GBR,2020,63.35
United Kingdom,GBR,2021,63.2
United Kingdom,GBR,2022,63.0
United Kingdom,GBR,2023,63.4
United Kingdom,GBR,2024,63.45
United States,USA,1990,64.85
United States,USA,1991,64.55
United States,USA,1992,64.6
United States,USA,1993,64.5
United States,USA,1994,63.75
United States,USA,1995,63.95
United States,USA,1996,64.15
United States,USA,1997,64.45
United States,USA,1998,64.4
United States,USA,1999,64.65
United States,USA,2000,64.25
United States,USA,2001,64.1
United States,USA,2002,64.1
United States,USA,2003,63.8
United States,USA,2004,63.8
United States,USA,2005,63.9
United States,USA,2006,64.3
United States,USA,2007,64.3
United States,USA,2008,64.8
United States,USA,2009,65.2
United States,USA,2010,65.45
United States,USA,2011,65.05
United States,USA,2012,65.05
United States,USA,2013,65.1
United States,USA,2014,65.3
United States,USA,2015,65.45
United States,USA,2016,66.1
United States,USA,2017,66.75
United States,USA,2018,67.2
United States,USA,2019,65.05
United States,USA,2020,64.8
United States,USA,2021,65.0
United States,USA,2022,65.25
United States,USA,2023,65.5
United States,USA,2024,67.0
